{"jre":{"github":"none","lanzous":"https://wwe.lanzous.com/ioGadnx7z3g","link":"link1:https://wwe.lanzous.com/ioGadnx7z3g"},"lib":{"data":["/jars/batik-all-1.13.jar","/jars/bcpkix-jdk15on-1.68.jar","/jars/bcprov-jdk15on-1.68.jar","/jars/commons-codec-1.15.jar","/jars/commons-collections4-4.4.jar","/jars/commons-compress-1.20.jar","/jars/commons-math3-3.6.1.jar","/jars/curvesapi-1.06.jar","/jars/fontbox-2.0.22.jar","/jars/graphics2d-0.30.jar","/jars/gson-2.8.6.jar","/jars/pdfbox-2.0.22.jar","/jars/poi-5.0.0.jar","/jars/poi-examples-5.0.0.jar","/jars/poi-excelant-5.0.0.jar","/jars/poi-integration-5.0.0.jar","/jars/poi-ooxml-5.0.0.jar","/jars/poi-ooxml-full-5.0.0.jar","/jars/poi-ooxml-lite-5.0.0.jar","/jars/poi-scratchpad-5.0.0.jar","/jars/SparseBitSet-1.2.jar","/jars/xml-apis-ext-1.3.04.jar","/jars/xmlbeans-4.0.0.jar","/jars/xmlgraphics-commons-2.4.jar","/jars/xmlsec-2.2.1.jar"],"github":"none","lanzous":"https://wwe.lanzous.com/idk3Hnwcfeb","link":"link1:https://wwe.lanzous.com/idk3Hnwcfeb"},"data":["eyJjbGFzc05hbWUiOiJEZXNrTWF0ZSIsInByb2JhYmlsaXR5IjoxMDAsInBlcnNvbkEiOiLmnY7lkJHmrrciLCJwZXJzb25CIjoi6K645Zu957u0In0=","eyJjbGFzc05hbWUiOiJTYW1lR3JvdXAiLCJwcm9iYWJpbGl0eSI6MTAwLCJwZXJzb25BIjoi5p2O5ZCR5q63IiwicGVyc29uQiI6IuS4peaik+ixqiJ9"],"main":{"path":"/jars/main.jar","verID":1}}